{"train_lr": 1.0000000000000076e-06, "train_loss": 4.472919279489762, "test_loss": 4.335008810151298, "test_acc1": 5.260000151062012, "test_acc5": 19.020000592041015, "epoch": 1, "n_parameters": 21704164, "_timestamp": 1692160480.6668816, "_runtime": 356.64040064811707, "_step": 1, "no_params": 21.7, "time_total": 5.97, "max_memory": 9.29, "test_acc": 5.260000151062012, "_wandb": {"runtime": 355}}