{"train_lr": 9.999999999999978e-07, "train_loss": 5.273434081803197, "test_loss": 5.269042657426566, "test_acc1": 0.9837763598346282, "test_acc5": 4.987918757305994, "epoch": 1, "n_parameters": 85952456, "_timestamp": 1692767113.754265, "_runtime": 386.27227902412415, "_step": 1, "no_params": 85.95, "time_total": 6.47, "max_memory": 6.19, "test_acc": 0.9837763598346282, "best_acc": 0.9837763598346282, "_wandb": {"runtime": 385}}