{"train_lr": 9.999999999999993e-07, "train_loss": 5.325479186099509, "test_loss": 5.330194919340072, "test_acc1": 0.6903693726196921, "test_acc5": 3.382809919779326, "epoch": 1, "n_parameters": 21742664, "_timestamp": 1692368496.1102357, "_runtime": 128.46269464492798, "_step": 1, "no_params": 21.74, "time_total": 2.17, "max_memory": 9.21, "test_acc": 0.6903693726196921, "_wandb": {"runtime": 127}}