{"train_lr": 0.0002575000000000006, "train_loss": 1.3664160205618194, "test_loss": 4.138945169685301, "test_acc1": 16.033828628692785, "test_acc5": 35.36417083819241, "epoch": 201, "n_parameters": 85952456, "_timestamp": 1693274227.7991328, "_runtime": 61263.418509721756, "_step": 201}