{"train_lr": 9.999999999999993e-07, "train_loss": 5.345717761827552, "test_loss": 5.330903945430633, "test_acc1": 0.6213324404931455, "test_acc5": 3.227476798463452, "epoch": 1, "n_parameters": 21742664, "_timestamp": 1692183943.1703095, "_runtime": 116.62018060684204, "_step": 1, "no_params": 21.74, "time_total": 1.97, "max_memory": 9.3, "test_acc": 0.6213324404931455, "_wandb": {"runtime": 115}}