{"train_lr": 1.0053732548662879e-05, "train_loss": 5.078967265460802, "test_loss": 5.166915266967017, "test_acc1": 1.3634795339345356, "test_acc5": 6.299620482524099, "epoch": 299, "n_parameters": 85952456, "_timestamp": 1693025416.7179976, "_runtime": 49806.96238946915, "_step": 299, "no_params": 85.95, "time_total": 830.15, "max_memory": 6.26, "test_acc": 1.3634795339345356, "best_acc": 1.3634795339345356, "_wandb": {"runtime": 49805}}