{"train_lr": 1.0053732548662879e-05, "train_loss": 1.298306172956591, "test_loss": 3.498719940500811, "test_acc1": 28.218847918024878, "test_acc5": 55.12599422572027, "epoch": 299, "n_parameters": 85952456, "_timestamp": 1693201738.477829, "_runtime": 53144.534877061844, "_step": 299, "no_params": 85.95, "time_total": 885.79, "max_memory": 6.3, "test_acc": 28.218847918024878, "best_acc": 34.27683925793259, "_wandb": {"runtime": 53143}}