{"train_lr": 9.999999999999978e-07, "train_loss": 5.320230590260548, "test_loss": 5.256331081232749, "test_acc1": 0.8802209655951334, "test_acc5": 4.452882465840538, "epoch": 1, "n_parameters": 85952456, "_timestamp": 1692766406.7427464, "_runtime": 421.51130723953247, "_step": 1, "no_params": 85.95, "time_total": 7.06, "max_memory": 6.52, "test_acc": 0.8802209655951334, "best_acc": 0.9147394316584068, "_wandb": {"runtime": 420}}