{"train_lr": 1.0002330238079777e-05, "train_loss": 1.3773856869210368, "test_loss": 5.3189528441626175, "test_acc1": 4.573697107596195, "test_acc5": 13.46220271472977, "epoch": 299, "n_parameters": 85952456, "_timestamp": 1692919683.77627, "_runtime": 59663.06412386894, "_step": 299, "no_params": 85.95, "time_total": 994.41, "max_memory": 5.97, "test_acc": 4.573697107596195, "best_acc": 4.953400248447533, "_wandb": {"runtime": 59661}}