{"train_lr": 3.332108466542272e-05, "train_loss": 1.3019021542175957, "test_loss": 2.11160983182182, "test_acc1": 58.49154458985808, "test_acc5": 82.0331397986552, "epoch": 199, "n_parameters": 85952456, "_timestamp": 1693273055.109479, "_runtime": 59982.67311692238, "_step": 199, "_wandb": {"runtime": 60283}}