{"train_lr": 1.0002330238079777e-05, "train_loss": 1.4511339146157969, "test_loss": 5.637438242100487, "test_acc1": 4.314808637798758, "test_acc5": 13.047981125262428, "epoch": 299, "n_parameters": 21742664, "_timestamp": 1692912652.769098, "_runtime": 52654.623250961304, "_step": 299, "no_params": 21.74, "time_total": 877.61, "max_memory": 2.58, "test_acc": 4.314808637798758, "best_acc": 4.608215613162719, "_wandb": {"runtime": 52653}}