{"train_lr": 9.999999999999978e-07, "train_loss": 5.273434081803197, "test_loss": 5.269042657426566, "test_acc1": 0.9837763598346282, "test_acc5": 4.987918757305994, "epoch": 1, "n_parameters": 85952456, "_timestamp": 1692768039.0633972, "_runtime": 444.3426332473755, "_step": 1, "no_params": 85.95, "time_total": 7.44, "max_memory": 6.19, "test_acc": 0.9837763598346282, "best_acc": 0.9837763598346282, "_wandb": {"runtime": 443}}